Model,Accuracy,ROC AUC
Logistic Regression,0.911757107394386,0.5396639819759816
Random Forest,0.9102182483965539,0.5268498980276767
Optimized Random Forest,0.9114538286137913,0.5114180517735955
