Model,Accuracy,ROC AUC
Weighted Random Forest,0.8927067069540701,0.6193425692153968
Threshold-Tuned Random Forest,0.7676435238747795,0.7434347502409193
